"","media","std"
"1",352.58064516129,20.2645407770131
